{
  "game": "minecraft",
  "formatVersion": 1,
  "versionId": "1.1.1",
  "name": "Orderly SMP",
  "summary": "Fish",
  "files": [
    {
      "path": "mods/easy-piglins-forge-1.20.1-1.1.0.jar",
      "hashes": {
        "sha1": "355e30eac1b37d6108a0a6a4dd7ca882bf709270",
        "sha512": "a9bcb170b1977a10e10977c41a45e3b51d89cf8a19a8674317691a91f8fd69233efbff4dfa2b2f253ca87d2272fd59a899da14d7fa9699e2580f8838798f3ea7"
      },
      "env": {
        "client": "required",
        "server": "required"
      },
      "downloads": [
        "https://cdn.modrinth.com/data/l6n94pax/versions/uMQU4g6f/easy-piglins-forge-1.20.1-1.1.0.jar"
      ],
      "fileSize": 217984
    },
    {
      "path": "mods/copycats-3.0.0+mc.1.20.1-forge.jar",
      "hashes": {
        "sha1": "0f5a179740530c79b89229a748ac2dcced0973b7",
        "sha512": "fbe3273c7288e52ed0d506509ae2113197580270ae229c60910c6d197d99317ab0f3273fffd4dd47816996142f7ad3b36085bd0f6adbe1c0a0bd688db0d1017e"
      },
      "env": {
        "server": "required",
        "client": "required"
      },
      "downloads": [
        "https://cdn.modrinth.com/data/UT2M39wf/versions/u3FzFq67/copycats-3.0.0%2Bmc.1.20.1-forge.jar"
      ],
      "fileSize": 1983641
    },
    {
      "path": "mods/grieflogger-1.2.3-1.20.1-forge.jar",
      "hashes": {
        "sha512": "b35333b779e11a841fa1f5f88663f24c6dd014c2885e0f7789a946e63786a1a64c76eee9e4a5ef544082bc88fc0ee941b5867253e1c2e7e86b0f901c5edf9244",
        "sha1": "d3351606bf2a38529ee29b9d12882e1080ead3ea"
      },
      "env": {
        "server": "required",
        "client": "required"
      },
      "downloads": [
        "https://cdn.modrinth.com/data/8oGVUFuX/versions/HXfNBHbe/grieflogger-1.2.3-1.20.1-forge.jar"
      ],
      "fileSize": 19001736
    },
    {
      "path": "mods/jei-1.20.1-forge-15.20.0.106.jar",
      "hashes": {
        "sha1": "77928d15d797663846cba44de8f79e4e4c5fdbb7",
        "sha512": "c49f6f4fa86a76751fae927e93f6f6a00b955aca97edae6eecc496f2959e581f4e697f80c53e27d2c90e73374171669b3be6bd860b9446aaa521a2553569bfc1"
      },
      "env": {
        "client": "required",
        "server": "required"
      },
      "downloads": [
        "https://cdn.modrinth.com/data/u6dRKJwZ/versions/WTWP98yg/jei-1.20.1-forge-15.20.0.106.jar"
      ],
      "fileSize": 1379220
    },
    {
      "path": "mods/create_enchantment_industry-1.3.2-for-create-6.0.4.jar",
      "hashes": {
        "sha512": "edc38cd1c944424ac56de4b16e4baa86fb7b838fd2229b360611c57f5464fdbbe10d1f915c5ce5e2a814d4f100df1618a9cbe58bc1d466ecdbb9d2b1496664f5",
        "sha1": "69c646642b6c7d97f7876cd847201c5d810b9e49"
      },
      "env": {
        "client": "required",
        "server": "required"
      },
      "downloads": [
        "https://cdn.modrinth.com/data/JWGBpFUP/versions/j4ZxxcbE/create_enchantment_industry-1.3.2-for-create-6.0.4.jar"
      ],
      "fileSize": 487764
    },
    {
      "path": "mods/YungsBetterWitchHuts-1.20-Forge-3.0.3.jar",
      "hashes": {
        "sha1": "71fee574f920c6b05004f100ba07e9b8d5844169",
        "sha512": "c17d5b07ecf44aa4539bd7af37882a63ab73ec10dd2c9675ed715e7c1f0ee73ee9d9c32bfddfb67f8f3c6f8b753cb965119e31e64926ea6d50ef33f881fc61f1"
      },
      "env": {
        "server": "required",
        "client": "required"
      },
      "downloads": [
        "https://cdn.modrinth.com/data/t5FRdP87/versions/mwlYB7rq/YungsBetterWitchHuts-1.20-Forge-3.0.3.jar"
      ],
      "fileSize": 179190
    },
    {
      "path": "shaderpacks/BSL_v10.0.zip",
      "hashes": {
        "sha1": "82eb9981a31a4753bb5022b5f64d5ec4f6a27071",
        "sha512": "3ce31ae8c7242ae335de70df10f8147420a64ca372585c195d0b300f9e8c5b923f1e5bf2b8dddfcc741a0ce8e0235e079540101632837624787da84e9b52d72f"
      },
      "env": {
        "server": "required",
        "client": "required"
      },
      "downloads": [
        "https://cdn.modrinth.com/data/Q1vvjJYV/versions/jRn8y2VF/BSL_v10.0.zip"
      ],
      "fileSize": 1121678
    },
    {
      "path": "mods/player-animation-lib-forge-1.0.2-rc1+1.20.jar",
      "hashes": {
        "sha1": "16808f94a41d45d8e986b4e4ea6b02ba57fa058a",
        "sha512": "cb9f6a3aaa943823a85fdd716ddb3c7623af2b3520926c3a98d170c52d31908894808fb61c52bea39bae622dbab59d50b4bad56f7ca0533a9c3350d412c33729"
      },
      "env": {
        "server": "required",
        "client": "required"
      },
      "downloads": [
        "https://cdn.modrinth.com/data/gedNE4y2/versions/xe2EVE6q/player-animation-lib-forge-1.0.2-rc1%2B1.20.jar"
      ],
      "fileSize": 181437
    },
    {
      "path": "mods/fzzy_config-0.6.9+1.20.1+forge.jar",
      "hashes": {
        "sha512": "dfc78eb1f07767c9b0d69f75a2d9160d470dd25c366fbbc149dbea0fecc018225d6513be9aad6b06d5bebbc4e40773da1cbd58c2a50e61aa2a03c221e5523a82",
        "sha1": "749df31acdf11c562ad689b26ef478da37807f94"
      },
      "env": {
        "client": "required",
        "server": "required"
      },
      "downloads": [
        "https://cdn.modrinth.com/data/hYykXjDp/versions/Jp0w2D0o/fzzy_config-0.6.9%2B1.20.1%2Bforge.jar"
      ],
      "fileSize": 2158962
    },
    {
      "path": "mods/packetfixer-forge-2.0.0-1.19-to-1.20.1.jar",
      "hashes": {
        "sha1": "7e49bb839dd872ec323b25826f6dd782f6f34b2a",
        "sha512": "d09b5af31d488327cd4434b0506d8781751e99c205a8fbf701362f442de6b61429809212c9a3c3be291ef6ea276cefeedb8f7cdefb40a4b284beeb053a4a76df"
      },
      "env": {
        "server": "required",
        "client": "required"
      },
      "downloads": [
        "https://cdn.modrinth.com/data/c7m1mi73/versions/dhU6qmvR/packetfixer-forge-2.0.0-1.19-to-1.20.1.jar"
      ],
      "fileSize": 24682
    },
    {
      "path": "resourcepacks/Fresh Music Discs 3D UI.zip",
      "hashes": {
        "sha1": "6fef1207d3dfe0c7c841c4f118d69b6e603e4e01",
        "sha512": "b19464bcfd7cc6cf078f6f323ee6a80bbf635175b02ffce0406b7a9c27fbf9a2783430145516bfc7c4c9a2582d49840d94b2269e9c7999da92c7ccb6ce6bda8f"
      },
      "env": {
        "client": "required",
        "server": "required"
      },
      "downloads": [
        "https://cdn.modrinth.com/data/qdNj7A1T/versions/mO7CyGXZ/Fresh%20Music%20Discs%203D%20UI.zip"
      ],
      "fileSize": 161911
    },
    {
      "path": "mods/cloth-config-11.1.136-forge.jar",
      "hashes": {
        "sha512": "137c4af99c53d77317cbfb1cc8c49fc2761708b49d1992f51fd846960df41dde3a83519c987e081508d4ed90c603566f3d5a6cb620ad9d85b8f4de59aa9115ef",
        "sha1": "c65d07748acc57ceb45d53b3964368b84f34d54f"
      },
      "env": {
        "client": "required",
        "server": "required"
      },
      "downloads": [
        "https://cdn.modrinth.com/data/9s6osm5g/versions/t8TXrZvZ/cloth-config-11.1.136-forge.jar"
      ],
      "fileSize": 1181413
    },
    {
      "path": "mods/NaturesCompass-1.20.1-1.11.2-forge.jar",
      "hashes": {
        "sha512": "7a2a9e9e91f9d2093d94c42ed056bca4048f39ba45b233415b6d1874986b5848a82826873ccc2b38abccbdf5652f2e217482354c66434ed1b93df8971cb0bea3",
        "sha1": "31ae930cdbb34e8e05e1954cfb2fee3a3813e850"
      },
      "env": {
        "client": "required",
        "server": "required"
      },
      "downloads": [
        "https://cdn.modrinth.com/data/fPetb5Kh/versions/Og40jCNX/NaturesCompass-1.20.1-1.11.2-forge.jar"
      ],
      "fileSize": 215119
    },
    {
      "path": "resourcepacks/FA+All_Extensions-v1.4.zip",
      "hashes": {
        "sha512": "99fd12d056846c5d7382fc333d0d62815bb3a9262888ccf7ebc9db9f02460f4a2ab0f7ccd7413b3b2b9c19e7f92db239cd3e7597a8dbcfb4fc1317a24796d5f8",
        "sha1": "112c33f88dc9de26a5c85f25d4a27fdde2c14fc9"
      },
      "env": {
        "server": "required",
        "client": "required"
      },
      "downloads": [
        "https://cdn.modrinth.com/data/YAVTU8mK/versions/JrJx24Cj/FA%2BAll_Extensions-v1.4.zip"
      ],
      "fileSize": 260285
    },
    {
      "path": "mods/citadel-2.6.1-1.20.1.jar",
      "hashes": {
        "sha1": "97ccbfda78ed538669352d868ad6fa6075ec6a99",
        "sha512": "51158a57623562253ae2940d67a6ae172e1c558bf06f288bb61dab2f182a8945ade5a8e9e192a3c94fad686c37063158c2bcacd202f0ccb73f0c1fc57f7dcf0d"
      },
      "env": {
        "client": "required",
        "server": "required"
      },
      "downloads": [
        "https://cdn.modrinth.com/data/jJfV67b1/versions/a7H8TGhJ/citadel-2.6.1-1.20.1.jar"
      ],
      "fileSize": 3173637
    },
    {
      "path": "mods/immersive_weathering-1.20.1-2.0.5-forge.jar",
      "hashes": {
        "sha512": "4715d06078855f65d585530453deed62ca55e66ed9455e56dff77294a17c5106ab7aa9d117f34629d4d7b420b1b6e379b8d60e231d6327a9cb0a847aabab0e33",
        "sha1": "d89ad3793ffb97df27f415ac6cc07c61460dd9f3"
      },
      "env": {
        "server": "required",
        "client": "required"
      },
      "downloads": [
        "https://cdn.modrinth.com/data/jkskOO9i/versions/Fl2lADP9/immersive_weathering-1.20.1-2.0.5-forge.jar"
      ],
      "fileSize": 2269048
    },
    {
      "path": "mods/TerraBlender-forge-1.20.1-3.0.1.10.jar",
      "hashes": {
        "sha512": "69b819eb021032561626cf436635c31dced45baae6ef9f21d95690e1e57c55914dc72a43a4ccd0a3337cd32e89ff592056be8dc6b7bd12842438500a157a6275",
        "sha1": "b3dbaf1aac31601b9efb19e4c67646750041968a"
      },
      "env": {
        "client": "required",
        "server": "required"
      },
      "downloads": [
        "https://cdn.modrinth.com/data/kkmrDlKT/versions/zGconCHG/TerraBlender-forge-1.20.1-3.0.1.10.jar"
      ],
      "fileSize": 107533
    },
    {
      "path": "mods/YungsBetterMineshafts-1.20-Forge-4.0.4.jar",
      "hashes": {
        "sha1": "e2cbc574807a994bb9610184eb4bbfe29a6c0774",
        "sha512": "1e8237e0fc4dd7e00a3ad30c5c02a82eeed63aed4544310cfdee863ac95b626874773f599779b985e6e460869804c036e1336c2720fbb34a3b09445434c063c8"
      },
      "env": {
        "client": "required",
        "server": "required"
      },
      "downloads": [
        "https://cdn.modrinth.com/data/HjmxVlSr/versions/kVO57zxB/YungsBetterMineshafts-1.20-Forge-4.0.4.jar"
      ],
      "fileSize": 492998
    },
    {
      "path": "mods/freecam-forge-1.2.1+1.20.jar",
      "hashes": {
        "sha512": "14d5194c02d6281094efdc857e608b412cdb84ffbf94a06401c8509daa74914273e18224f05d9fe9bcea23fa70d5350c6edaf8bf657e58787f08a4553169c0d2",
        "sha1": "e4224b56750a1fe3956ae73a65f4470be3e0df3b"
      },
      "env": {
        "client": "required",
        "server": "required"
      },
      "downloads": [
        "https://cdn.modrinth.com/data/XeEZ3fK2/versions/bvoDmWip/freecam-forge-1.2.1%2B1.20.jar"
      ],
      "fileSize": 75389
    },
    {
      "path": "mods/XaerosWorldMap_1.39.9_Forge_1.20.jar",
      "hashes": {
        "sha512": "ec9b4925125fd7438ee30e69683c842558c7f3f3743d76bbed0ef003e1761ad70ba260cce9b93dbc8e9e8fa7c9d36ce6b91c48fb499ca5b913222e0f405e648a",
        "sha1": "f268b46213c4c2245421f137c5f03b4164d8ab33"
      },
      "env": {
        "client": "required",
        "server": "required"
      },
      "downloads": [
        "https://cdn.modrinth.com/data/NcUtCpym/versions/yCVWJ9aK/XaerosWorldMap_1.39.9_Forge_1.20.jar"
      ],
      "fileSize": 948532
    },
    {
      "path": "resourcepacks/Fresh Flowers and Plants 3D UI.zip",
      "hashes": {
        "sha1": "fba1123306bc12c46dd99d6de81aaaaa187b75ee",
        "sha512": "37806b3bb96cd1232b468a1874a343b37ce62ef0e7b506bd09b4c874149a59c7408de72d4472933e0a0f2140027c696b0b37d072671caaf04eeebf6660f41b7a"
      },
      "env": {
        "client": "required",
        "server": "required"
      },
      "downloads": [
        "https://cdn.modrinth.com/data/wyzOam9h/versions/lrDao05G/Fresh%20Flowers%20and%20Plants%203D%20UI.zip"
      ],
      "fileSize": 441515
    },
    {
      "path": "mods/LeavesBeGone-v8.0.0-1.20.1-Forge.jar",
      "hashes": {
        "sha512": "7e209ccfcc438bec934556132ec7bb48dcf7db55611fd0e26a72f19b6a7c07e8a5103408e5e2d46b825979944a2208ba5dc28b95a0e3c4f6a78d8494e1d9780a",
        "sha1": "c5043f862be7db76892c7c0c95d02fa3f8332af0"
      },
      "env": {
        "client": "required",
        "server": "required"
      },
      "downloads": [
        "https://cdn.modrinth.com/data/AVq17PqV/versions/slScQFdb/LeavesBeGone-v8.0.0-1.20.1-Forge.jar"
      ],
      "fileSize": 50042
    },
    {
      "path": "mods/moonlight-1.20-2.14.1-forge.jar",
      "hashes": {
        "sha512": "5af20ce6744f56d5696993773bb35ca4086496cf97842cb1c4ccc81dddba89c49ead5e2d055f2e78cbf190fe29853de79d58e3c2f24e03ddec6034aed924ef75",
        "sha1": "1658692ea4a03369f07b3af821fe622f0e6b47ac"
      },
      "env": {
        "server": "required",
        "client": "required"
      },
      "downloads": [
        "https://cdn.modrinth.com/data/twkfQtEc/versions/A0KjYUVI/moonlight-1.20-2.14.1-forge.jar"
      ],
      "fileSize": 1266075
    },
    {
      "path": "mods/gravestonecurioscompat-1.18.x-1.20.x-Forge-2.1.0.jar",
      "hashes": {
        "sha1": "69f37bf7791b0609d35792b011eae6a07efad6bc",
        "sha512": "57e8c818dd587b5a7d1c7d72d271647a7506746abc3e1a6bcc66182848170c6319cf11e5bacfa4eb2532c0981bb40d841d68d78a97c572734c75513c3c782b0e"
      },
      "env": {
        "server": "required",
        "client": "required"
      },
      "downloads": [
        "https://cdn.modrinth.com/data/NaiL8bPN/versions/fzueSdVq/gravestonecurioscompat-1.18.x-1.20.x-Forge-2.1.0.jar"
      ],
      "fileSize": 9506
    },
    {
      "path": "mods/architectury-9.2.14-forge.jar",
      "hashes": {
        "sha512": "cf67f2050cafa00f0bee42e6d7bef77fdb808ac4f71742f7b4d6d5c1e6ffb49561a5a252f332d2b78a9767bdb5faa284611790dba303fbdc736ae36d794f61c7",
        "sha1": "a52918a500ff421180a1cbd1a0cabee712134ec4"
      },
      "env": {
        "client": "required",
        "server": "required"
      },
      "downloads": [
        "https://cdn.modrinth.com/data/lhGA9TYQ/versions/1MKTLiiG/architectury-9.2.14-forge.jar"
      ],
      "fileSize": 580602
    },
    {
      "path": "mods/ad_extendra-forge-1.20.1-1.1.2.jar",
      "hashes": {
        "sha1": "a13bebcd14beb12cf1038dddfe502eebee1c5060",
        "sha512": "35d004595c6dd0c0da223c1fce55180402631bb382aa41852ea0c477375ac59a6cf29d6d1c4c76416d91f9883129702e96f090374fd02460304f9bb9d0c3312f"
      },
      "env": {
        "client": "required",
        "server": "required"
      },
      "downloads": [
        "https://cdn.modrinth.com/data/gITClFhp/versions/ivPRRBJF/ad_extendra-forge-1.20.1-1.1.2.jar"
      ],
      "fileSize": 4402344
    },
    {
      "path": "mods/caelus-forge-3.2.0+1.20.1.jar",
      "hashes": {
        "sha512": "906baad404c33288d8daf8937bc6a85d3bcc03db67a4a68395b8f01eea57f773420ff97919aadb08a7618b62b0c6c3db72270f9c3af836b822385464f509cf78",
        "sha1": "d14e8ee892d4d8764f523ad0e89bdcfc061fb007"
      },
      "env": {
        "client": "required",
        "server": "required"
      },
      "downloads": [
        "https://cdn.modrinth.com/data/40FYwb4z/versions/mRry0DgY/caelus-forge-3.2.0%2B1.20.1.jar"
      ],
      "fileSize": 40125
    },
    {
      "path": "mods/Xaeros_Minimap_25.2.6_Forge_1.20.jar",
      "hashes": {
        "sha1": "59386b42346aa909ce8cab98962affd01ecc4f0a",
        "sha512": "ae2a620829fdbdc1135a543607057c20dab971bba0e955e52abfaa3c1b91bd70f6575d48c831886436393c3c7af50c6c9857953ab8b4540292aa9e9c446fdffa"
      },
      "env": {
        "client": "required",
        "server": "required"
      },
      "downloads": [
        "https://cdn.modrinth.com/data/1bokaNcj/versions/k73HMiDN/Xaeros_Minimap_25.2.6_Forge_1.20.jar"
      ],
      "fileSize": 1704662
    },
    {
      "path": "mods/YungsBetterOceanMonuments-1.20-Forge-3.0.4.jar",
      "hashes": {
        "sha512": "2c67db8caf355f2e3b4a6f2b99c64abfa3b084163b38e18aba7f8ad0fb297fab3bfa7a61cd6bff5391fdaad185ed8233f22080a2cd35f1428d2d04dbfdf10a1d",
        "sha1": "d8e74ed19903752a97ed0e1d2b1a8bf378bc252f"
      },
      "env": {
        "client": "required",
        "server": "required"
      },
      "downloads": [
        "https://cdn.modrinth.com/data/3dT9sgt4/versions/SN4iZ7wf/YungsBetterOceanMonuments-1.20-Forge-3.0.4.jar"
      ],
      "fileSize": 1033262
    },
    {
      "path": "mods/DiagonalFences-v8.1.5-1.20.1-Forge.jar",
      "hashes": {
        "sha512": "53c274fba4c750f953fd44b9edbd78306e1bf6c480ae9cf54d93146200c16602d3d3fd51f803cee734987fe7f0389f4250df1ce0785256e5dc8d202d22c4c2af",
        "sha1": "3c3266729f531939a9aba47e28fe910875a78755"
      },
      "env": {
        "client": "required",
        "server": "required"
      },
      "downloads": [
        "https://cdn.modrinth.com/data/IKARgflD/versions/6eK8RyWM/DiagonalFences-v8.1.5-1.20.1-Forge.jar"
      ],
      "fileSize": 182476
    },
    {
      "path": "mods/Patchouli-1.20.1-84.1-FORGE.jar",
      "hashes": {
        "sha1": "e91d2e2f251375d647d592b670ea6f310c2554eb",
        "sha512": "d87143ae5dc979e8d65dd35ff0916077a355c503c4a906bed0d9dbe600ff0602e5296800cbdf2260d47033f664691b54e1b18a1b9835339c4e13d69fc4251f1b"
      },
      "env": {
        "client": "required",
        "server": "required"
      },
      "downloads": [
        "https://cdn.modrinth.com/data/nU0bVIaL/versions/8Qyw08ld/Patchouli-1.20.1-84.1-FORGE.jar"
      ],
      "fileSize": 642711
    },
    {
      "path": "mods/origins_extra_keybinds-1.0.0-forge-1.20.1.jar",
      "hashes": {
        "sha1": "35993f799cfca5fd0bc69f36fde91f754206eaf5",
        "sha512": "eb0bbc34b1604d947ce748775ac2ee31455f962214f6949e81cc8b4c3781697a1c1e5f42ffc85eea994178cfd3044ac46f3576c5747fdffe260dec128e3dd464"
      },
      "env": {
        "server": "required",
        "client": "required"
      },
      "downloads": [
        "https://cdn.modrinth.com/data/PyVlQpuz/versions/6t4vuVQ3/origins_extra_keybinds-1.0.0-forge-1.20.1.jar"
      ],
      "fileSize": 52536
    },
    {
      "path": "mods/GlitchCore-forge-1.20.1-0.0.1.1.jar",
      "hashes": {
        "sha512": "f4d9ec11b9604f59552cbecf4099600e7adef993cff37af0badac29505bd47aa9615acd140ee808b51754b048c2d61e2f942f656ff391df1e080cbffdfec5112",
        "sha1": "bba0b08fe76b28b35243fee53f99d54a18153b53"
      },
      "env": {
        "client": "required",
        "server": "required"
      },
      "downloads": [
        "https://cdn.modrinth.com/data/s3dmwKy5/versions/pYPZ5MNI/GlitchCore-forge-1.20.1-0.0.1.1.jar"
      ],
      "fileSize": 87551
    },
    {
      "path": "mods/sophisticatedstorage-1.20.1-1.3.44.1157.jar",
      "hashes": {
        "sha1": "add278db1035c16f1f8b8b5a784db74d67d49d83",
        "sha512": "af35b1142f9cb23bda9ba210e0cee4c8ae629debc86163b34098368c7b9c40ed8f1cb0f111e23ae73ad19690860517fc9fb6490ee6ed692ae50b1c9e711db81a"
      },
      "env": {
        "client": "required",
        "server": "required"
      },
      "downloads": [
        "https://cdn.modrinth.com/data/hMlaZH8f/versions/yKuZQFUY/sophisticatedstorage-1.20.1-1.3.44.1157.jar"
      ],
      "fileSize": 1611811
    },
    {
      "path": "mods/immersive_melodies-0.5.0+1.20.1-forge.jar",
      "hashes": {
        "sha1": "ca25ec828a9a490481b8c73a60917cf71195d03e",
        "sha512": "9a7ab345b5ff43a2dbf101260e24260adbc8643bd00c4813d32f25de619eda64167a93777a6b60c0c43eacd5a055f6fd1da568b064df3516f5cf10dc0cd70dd6"
      },
      "env": {
        "client": "required",
        "server": "required"
      },
      "downloads": [
        "https://cdn.modrinth.com/data/TaSmHw8V/versions/EsonWeVn/immersive_melodies-0.5.0%2B1.20.1-forge.jar"
      ],
      "fileSize": 5517619
    },
    {
      "path": "mods/OverflowingBars-v8.0.1-1.20.1-Forge.jar",
      "hashes": {
        "sha1": "047ac47549ae0a21b05f70d74bcf436ee0221eef",
        "sha512": "4854cac7069e1140dd9b567e04414c0acc865f66433b7c8cb79269e4c1a20c38f30b2d393e9920ff7f9c732fdf01408a22b07f5d1532756623072470dfc24248"
      },
      "env": {
        "server": "required",
        "client": "required"
      },
      "downloads": [
        "https://cdn.modrinth.com/data/XD7XOrAF/versions/w90XIUWB/OverflowingBars-v8.0.1-1.20.1-Forge.jar"
      ],
      "fileSize": 73689
    },
    {
      "path": "mods/YungsExtras-1.20-Forge-4.0.3.jar",
      "hashes": {
        "sha1": "4b2e632353a95c16a080c2e64c426480a139fbd6",
        "sha512": "2c70e8e2c8e6161139bd19d302e225f7c12dc44f9cbdd63f4a548645fe923eb16de930abe2d2f8a89bee99f31d77798b7352bbd33f3642560cad18d86d372d4f"
      },
      "env": {
        "server": "required",
        "client": "required"
      },
      "downloads": [
        "https://cdn.modrinth.com/data/ZYgyPyfq/versions/h4m8J7w8/YungsExtras-1.20-Forge-4.0.3.jar"
      ],
      "fileSize": 200341
    },
    {
      "path": "mods/Jade-1.20.1-Forge-11.13.1.jar",
      "hashes": {
        "sha512": "3b8c4e273b70c30781accb27b3c307e9a8f676c2f3e6987fb9864588c4c0b93cbfd20bbcbe697dada6474b4d652ce686f98d3f72346d4946e573c0435674d8cf",
        "sha1": "0e5af2bdca3a600d3f0cf28cc9f735542d19e7fc"
      },
      "env": {
        "client": "required",
        "server": "required"
      },
      "downloads": [
        "https://cdn.modrinth.com/data/nvQzSEkH/versions/9gf6jOO0/Jade-1.20.1-Forge-11.13.1.jar"
      ],
      "fileSize": 550551
    },
    {
      "path": "mods/CreativeCore_FORGE_v2.12.32_mc1.20.1.jar",
      "hashes": {
        "sha1": "d49e8c29748677d0a530432f1c1bda4e9865da00",
        "sha512": "7f7c684a35020a0327e31f5521a363d1c29312a22839c69c5dbdf51d77428298dbd0ca685166c06d8426010448e777e087e141fef6b5093fd67cb73c4bd51f8a"
      },
      "env": {
        "server": "required",
        "client": "required"
      },
      "downloads": [
        "https://cdn.modrinth.com/data/OsZiaDHq/versions/IbFWHI5h/CreativeCore_FORGE_v2.12.32_mc1.20.1.jar"
      ],
      "fileSize": 1158417
    },
    {
      "path": "mods/create_compressed-2.1.0-forge-1.20.1.jar",
      "hashes": {
        "sha512": "d04ea1adff0a003031f35289d157a09b735ad408225210217e18adcd99b502dd44b9795017a2645f2c93afc6bc2d800853bab984df0e41f323eb83af1323e448",
        "sha1": "89e802ae56cd0be87646653fd48a40b3ecb7bea4"
      },
      "env": {
        "client": "required",
        "server": "required"
      },
      "downloads": [
        "https://cdn.modrinth.com/data/Sy4Box1J/versions/uqgUmFCg/create_compressed-2.1.0-forge-1.20.1.jar"
      ],
      "fileSize": 153989
    },
    {
      "path": "mods/illagerblabber-1.20.1-Forge-1.0.2.jar",
      "hashes": {
        "sha512": "08c625bf35a7763e54632d981d7b5547fb63410df0577e4db225a561658ed7d34c086f59483c4774e220b20a3b3260ae44a6c30aea3dedd48b01531b9e2bd19c",
        "sha1": "67bd25f6862edbf6456d536b00c3fb51b891ead7"
      },
      "env": {
        "server": "required",
        "client": "required"
      },
      "downloads": [
        "https://cdn.modrinth.com/data/WS4FswTq/versions/TCVDpB7P/illagerblabber-1.20.1-Forge-1.0.2.jar"
      ],
      "fileSize": 6418618
    },
    {
      "path": "mods/Ponder-Forge-1.20.1-1.0.0.jar",
      "hashes": {
        "sha1": "6d579a96ca7fc945403fd984c4dbcf32a86c7437",
        "sha512": "d97232df9d830cc425b5cec9ede8d40f591db9415a573b23b922c8fca0494a9874857c34aa2638b70fd767b1043fed168f6f615391e79dd28392e2d7cf7985a0"
      },
      "env": {
        "client": "required",
        "server": "required"
      },
      "downloads": [
        "https://cdn.modrinth.com/data/lMYIHZNH/versions/UaYq5a7I/Ponder-Forge-1.20.1-1.0.0.jar"
      ],
      "fileSize": 769367
    },
    {
      "path": "mods/ad_astra-forge-1.20.1-1.15.20.jar",
      "hashes": {
        "sha1": "537ac3e358a97efd7b03648a9bfd7b11f1ae7ff7",
        "sha512": "c7337add217258cea0cb7d9f9136b5a7c8a17600bc2cc9c722321af838690b6c285628dcaebfccedb3e1274683591ef7a45a3514094e5a3bcd8fe1c1f25626bf"
      },
      "env": {
        "client": "required",
        "server": "required"
      },
      "downloads": [
        "https://cdn.modrinth.com/data/3ufwT9JF/versions/Qf7QFXk2/ad_astra-forge-1.20.1-1.15.20.jar"
      ],
      "fileSize": 7508861
    },
    {
      "path": "shaderpacks/ComplementaryReimagined_r5.5.1.zip",
      "hashes": {
        "sha512": "e3168c3e8b9a59e70dbc7dd27931d8b245e5b16b093c87f1dccd01edc3a8be0fb14153fe8175e822ea6463ac0d715de377d186455580915c6f9d98c02b39194f",
        "sha1": "c9f1724fbe77e1d36afab9612b4aaac693bc84e4"
      },
      "env": {
        "client": "required",
        "server": "required"
      },
      "downloads": [
        "https://cdn.modrinth.com/data/HVnmMxH1/versions/sAAjYvFB/ComplementaryReimagined_r5.5.1.zip"
      ],
      "fileSize": 456328
    },
    {
      "path": "mods/YungsApi-1.20-Forge-4.0.6.jar",
      "hashes": {
        "sha1": "af584b690f5646c6032002b58abc4591beed3833",
        "sha512": "7d83d94a90e55a712f6508485c044ff202916e9b9b9166b75177cb8f2eb919543bbbe1547d11c41cfd4763820f934235f47c0b26dd9e89bc1030954afa9fb889"
      },
      "env": {
        "client": "required",
        "server": "required"
      },
      "downloads": [
        "https://cdn.modrinth.com/data/Ua7DFN59/versions/PJOYAmAs/YungsApi-1.20-Forge-4.0.6.jar"
      ],
      "fileSize": 370524
    },
    {
      "path": "mods/YungsBetterJungleTemples-1.20-Forge-2.0.5.jar",
      "hashes": {
        "sha512": "433d84ca6a8f223376bc8e30c7ca2407294876c2fe8ef51fec9f12358b5b4f84c76031abba74a256eec12146817690224b141668890ebba99decd411d6b37b9c",
        "sha1": "0b3c8556983895fea980247bb4d437ca535e7259"
      },
      "env": {
        "client": "required",
        "server": "required"
      },
      "downloads": [
        "https://cdn.modrinth.com/data/z9Ve58Ih/versions/CXQc6EnZ/YungsBetterJungleTemples-1.20-Forge-2.0.5.jar"
      ],
      "fileSize": 806652
    },
    {
      "path": "mods/alexsmobs-1.22.9.jar",
      "hashes": {
        "sha512": "b50280057926d750f9ffbf6a8df36deb37529356895f6bf59f25d272ecf69afccec65ec1a5c3a8bfad24f9475c15b93c5ec4666447b1fce26a90c41445bbfb04",
        "sha1": "dbf93d2f1da19e16739e91e8ea0fc6f4bc2f228f"
      },
      "env": {
        "client": "required",
        "server": "required"
      },
      "downloads": [
        "https://cdn.modrinth.com/data/2cMuAZAp/versions/XoIASRVU/alexsmobs-1.22.9.jar"
      ],
      "fileSize": 26350793
    },
    {
      "path": "resourcepacks/Fresh Buckets 3D UI.zip",
      "hashes": {
        "sha512": "39cce7ab1673a97330afd5e76921a497f9d742543bf29686f05d05acc708770fff4b1b45e178b46723a2ce8fba8d2b3d7e3bac961910c3202ad50b2f4967369d",
        "sha1": "6cec3d0758d4eb6b9bd0c84c78d54512d0059305"
      },
      "env": {
        "client": "required",
        "server": "required"
      },
      "downloads": [
        "https://cdn.modrinth.com/data/Sb5mtr2w/versions/lOarefGy/Fresh%20Buckets%203D%20UI.zip"
      ],
      "fileSize": 309580
    },
    {
      "path": "mods/appliedenergistics2-forge-15.4.2.jar",
      "hashes": {
        "sha512": "1396a6fe156fddf4488ad80411fdc65e6cbd4b434e79dd4f2897912762c8d08190b7c1bd44d8d19869673e1f450d672b53d06f4305f3e693d9066a63b9900d5b",
        "sha1": "829ccaed2a1d1d25e9f5e459ccc481a3c061f8c1"
      },
      "env": {
        "client": "required",
        "server": "required"
      },
      "downloads": [
        "https://cdn.modrinth.com/data/XxWD5pD3/versions/eqFFaFdj/appliedenergistics2-forge-15.4.2.jar"
      ],
      "fileSize": 8410614
    },
    {
      "path": "mods/elytraslot-forge-6.4.4+1.20.1.jar",
      "hashes": {
        "sha512": "0fc4adb7e3b7469eb925ebde8e9364524595187f9b15791ac6ff009d07d44d562b17c58d6e3b0a40fe3c40fdbd57b64343a8fe942d4b6c7022aa9cd34f7a8cef",
        "sha1": "f11443ef3371fa790eb33cba1a517638a3afcb07"
      },
      "env": {
        "server": "required",
        "client": "required"
      },
      "downloads": [
        "https://cdn.modrinth.com/data/mSQF1NpT/versions/k6lA080t/elytraslot-forge-6.4.4%2B1.20.1.jar"
      ],
      "fileSize": 100660
    },
    {
      "path": "mods/botarium-forge-1.20.1-2.3.4.jar",
      "hashes": {
        "sha1": "a6928cb03b7c5f81900d3d3c8e8c8f6a89a51a5b",
        "sha512": "aa3530dde50966e47958690b02a343c4de3782d32ae3b2cb75b2155eebb76e172a292768d846b8d14a97bc9ebe18f1f655eaa3469fce13b2b4b15b16af0aba01"
      },
      "env": {
        "client": "required",
        "server": "required"
      },
      "downloads": [
        "https://cdn.modrinth.com/data/2u6LRnMa/versions/O7D6FTfW/botarium-forge-1.20.1-2.3.4.jar"
      ],
      "fileSize": 157633
    },
    {
      "path": "mods/immersive_paintings-0.6.7+1.20.1-forge.jar",
      "hashes": {
        "sha1": "46910c10470c43cb1566384e9422fb76b341b84c",
        "sha512": "45387fb427591ffb8edbea2ff9fb6f37f6715b0bfd942005857e28c77696c7793033c5f69835245095b2e1d233256f1945c991919d1777a4ec5af9ad2e4c09de"
      },
      "env": {
        "client": "required",
        "server": "required"
      },
      "downloads": [
        "https://cdn.modrinth.com/data/6txNkua3/versions/dZk1qbHj/immersive_paintings-0.6.7%2B1.20.1-forge.jar"
      ],
      "fileSize": 4841253
    },
    {
      "path": "mods/sodiumoptionsapi-forge-1.0.10-1.20.1.jar",
      "hashes": {
        "sha1": "7529fbf938787ed13a251cbf40936f8c29ec4b6c",
        "sha512": "20b11f1582df3df3d351e0cffcfc8b97453e2d73164fbad46d3f4eb960cab57d8f708d84b818782ef019d5cd9494ce001161f753623680516a191d6f510ebb79"
      },
      "env": {
        "client": "required",
        "server": "required"
      },
      "downloads": [
        "https://cdn.modrinth.com/data/Es5v4eyq/versions/d0EFLitO/sodiumoptionsapi-forge-1.0.10-1.20.1.jar"
      ],
      "fileSize": 443978
    },
    {
      "path": "mods/JustEnoughResources-1.20.1-1.4.0.247.jar",
      "hashes": {
        "sha1": "526e788a9b38afc5171fab49b64a5a54e1bb25d7",
        "sha512": "84568db84d4486e70ddd06c280b6ec69657d53e99cdd1d974db40bf53397ce2fd371e8dd0567fd06f757f2bb6e802a5c54de73f70033f9236dad04b316d33462"
      },
      "env": {
        "server": "required",
        "client": "required"
      },
      "downloads": [
        "https://cdn.modrinth.com/data/uEfK2CXF/versions/jW52tbTk/JustEnoughResources-1.20.1-1.4.0.247.jar"
      ],
      "fileSize": 276231
    },
    {
      "path": "mods/simplyswords-forge-1.56.0-1.20.1.jar",
      "hashes": {
        "sha1": "ff801e939da0f9afc2d96cce4375d8c4bb368533",
        "sha512": "c7ddb7612aa34a5b057d4108bcc9606c39b8b5554f56e26fefe098c6145b74006f9766df12b0eca4d7b7c1b0dad7ecad4ec86d218b31199d264d46f8069beb0b"
      },
      "env": {
        "server": "required",
        "client": "required"
      },
      "downloads": [
        "https://cdn.modrinth.com/data/bK3Ubu9p/versions/OFYmngee/simplyswords-forge-1.56.0-1.20.1.jar"
      ],
      "fileSize": 15202091
    },
    {
      "path": "resourcepacks/Recolourful Containers 2.0 (1.19.4+).zip",
      "hashes": {
        "sha1": "5224a00ae52d4b3b6d556d4a9b0a164e0a74ca32",
        "sha512": "ff450cd171d44dff495c394d21b1098b5c960709c77ee711d7cd84cdb2335f8e541ab866e63170571ac488509567066bde081e278384b29d0404e0eaca29ad74"
      },
      "env": {
        "server": "required",
        "client": "required"
      },
      "downloads": [
        "https://cdn.modrinth.com/data/lewweaHO/versions/4xa5EtCU/Recolourful%20Containers%202.0%20%281.19.4%2B%29.zip"
      ],
      "fileSize": 1373338
    },
    {
      "path": "mods/EnchantingInfuser-v8.0.3-1.20.1-Forge.jar",
      "hashes": {
        "sha512": "52cadf814f734fcdaec97834108d0cddbb7cbda2ed338fce7e8abf76804e782c34f10eb25cdc16f6dc9809d0883ed2db68bbe4554c226198b1e8986e495e1a80",
        "sha1": "f3821c8e9f5f597a54b9d1009eb38572b17ffe72"
      },
      "env": {
        "server": "required",
        "client": "required"
      },
      "downloads": [
        "https://cdn.modrinth.com/data/ePv85y52/versions/UIJtaBTP/EnchantingInfuser-v8.0.3-1.20.1-Forge.jar"
      ],
      "fileSize": 177441
    },
    {
      "path": "mods/DiagonalWindows-v8.1.5-1.20.1-Forge.jar",
      "hashes": {
        "sha512": "dd05d1ae6286b9c6a03898e5d13ebb8cfdaf812792bcf1d151279f24b46f932e1aec412141f05bc8f6efe15bf4d4b388ce27e66c21836fdd8ce64472957a0fd8",
        "sha1": "6f5be5f5491f63d84f15461fb5d877ba4d3870cd"
      },
      "env": {
        "client": "required",
        "server": "required"
      },
      "downloads": [
        "https://cdn.modrinth.com/data/oOi0CKes/versions/IpxUHCn0/DiagonalWindows-v8.1.5-1.20.1-Forge.jar"
      ],
      "fileSize": 183094
    },
    {
      "path": "mods/fabric-api-0.92.2+1.11.12+1.20.1.jar",
      "hashes": {
        "sha512": "1a9d391a1579ee9e59b5435c40c199fd5cf48d763e981a0893fcb5704edb9bb88014eb933a66b7eff1c57ba17b864a6dfe0b307c3b51296704a890ec354e0696",
        "sha1": "acccf93c59f5c1521441faeeb3563dd6e08dd023"
      },
      "env": {
        "client": "required",
        "server": "required"
      },
      "downloads": [
        "https://cdn.modrinth.com/data/Aqlf1Shp/versions/qzoL6HjK/fabric-api-0.92.2%2B1.11.12%2B1.20.1.jar"
      ],
      "fileSize": 3041277
    },
    {
      "path": "mods/FarmersDelight-1.20.1-1.2.7.jar",
      "hashes": {
        "sha1": "0e614a93c6520d7b4e6714ba110daa416f07c716",
        "sha512": "48f0364b69f98bd30778dc675ef6e0180ca8a467dd0e2f66ef6f089f2394f4a80e4d28a6ac316a02e8d8516912f0d1a443ea405c45cf44937b00a9d89c48faf9"
      },
      "env": {
        "server": "required",
        "client": "required"
      },
      "downloads": [
        "https://cdn.modrinth.com/data/R2OftAxM/versions/NcRp00OO/FarmersDelight-1.20.1-1.2.7.jar"
      ],
      "fileSize": 2954263
    },
    {
      "path": "mods/oculus-mc1.20.1-1.8.0.jar",
      "hashes": {
        "sha512": "1bb4ac77400d6684347988ed298a692c2cb15cf7923693607eb8739b171a20fef7412259e9e157111d9ce21779badab386029956f7d2283a9e611722a373e9d5",
        "sha1": "984f774e71790deaec674c7587bd24e0711871b2"
      },
      "env": {
        "client": "required",
        "server": "required"
      },
      "downloads": [
        "https://cdn.modrinth.com/data/GchcoXML/versions/iQ1SwGc3/oculus-mc1.20.1-1.8.0.jar"
      ],
      "fileSize": 2851119
    },
    {
      "path": "mods/bettercombat-forge-1.8.6+1.20.1.jar",
      "hashes": {
        "sha512": "24b3acd2b1ff3e24b2828ec003bcf2f5af7b4556be728996ddc8bdca3244bb92e91ef76f3c1bc10a15a5e59cd80b388f4994097fd258aadcb7abb7f3bd6959c3",
        "sha1": "70c20cd81a4051b2ad4289ff6522e80b397d7b3d"
      },
      "env": {
        "client": "required",
        "server": "required"
      },
      "downloads": [
        "https://cdn.modrinth.com/data/5sy6g3kz/versions/UjlaL0Fm/bettercombat-forge-1.8.6%2B1.20.1.jar"
      ],
      "fileSize": 1050118
    },
    {
      "path": "mods/watermedia-2.1.24.jar",
      "hashes": {
        "sha512": "99e5dbc1c1b132ecd2de708cdeec2537f3b75452320c4b2f5cafcace569f8a1bd3968d59b383110be216d5f609291ce070d20a5a5202ca008d0e2db666469cbd",
        "sha1": "6a2ff3506e2050d510ba60391c78c34206e4c95f"
      },
      "env": {
        "server": "required",
        "client": "required"
      },
      "downloads": [
        "https://cdn.modrinth.com/data/G922NeHS/versions/HlUiSWvC/watermedia-2.1.24.jar"
      ],
      "fileSize": 37853835
    },
    {
      "path": "mods/sodiumdynamiclights-forge-1.0.10-1.20.1.jar",
      "hashes": {
        "sha512": "b8527199be5a8b4bc758a4f320586b5886e6ff657718f52d464386b1e3c695d7bfe644e2ef9487a869c93c0866818995ecd47b9e1a19054929242682e37f58b7",
        "sha1": "d27524e85bed0f0af83c03be46f9ca3eb02a1be9"
      },
      "env": {
        "server": "required",
        "client": "required"
      },
      "downloads": [
        "https://cdn.modrinth.com/data/PxQSWIcD/versions/I156ee3A/sodiumdynamiclights-forge-1.0.10-1.20.1.jar"
      ],
      "fileSize": 511601
    },
    {
      "path": "mods/voicechat-forge-1.20.1-2.5.30.jar",
      "hashes": {
        "sha1": "f2b1ce0c9b0b5c28dddf0eab0fe487b8e47ce955",
        "sha512": "ab2d9d08bcdb85653e9443ee6e04a383062634499e80ae0643f93f58eee19fe623380a99c25d967a1f38f7cf2d916eb329e647f77e550d1a6343af1f064d0800"
      },
      "env": {
        "client": "required",
        "server": "required"
      },
      "downloads": [
        "https://cdn.modrinth.com/data/9eGKb6K1/versions/pvESfPjN/voicechat-forge-1.20.1-2.5.30.jar"
      ],
      "fileSize": 7750347
    },
    {
      "path": "mods/origins-forge-1.20.1-1.10.0.9-all.jar",
      "hashes": {
        "sha512": "b103ac2ac509e98eaceedf04891bbe302e82f8b4a7fc3790b3d63bd912306bb09f9925489473211627a7a87d2049672a3e66c5cf6f5b1e34e62049f3a43d0e5d",
        "sha1": "71af2b5fa4d2905ab71ca7c488a508dba277f109"
      },
      "env": {
        "client": "required",
        "server": "required"
      },
      "downloads": [
        "https://cdn.modrinth.com/data/jl3m2lR9/versions/vynFXywM/origins-forge-1.20.1-1.10.0.9-all.jar"
      ],
      "fileSize": 2307868
    },
    {
      "path": "mods/YungsBetterStrongholds-1.20-Forge-4.0.3.jar",
      "hashes": {
        "sha1": "3730238c56edca4bb5b2238e1314aec572ced385",
        "sha512": "7fbb51f761ca1a514ce95e9967bcc93c09766a8929f19029390d46b18d7e876c4354d11350a5f8410dc28e485680f4eaf1019e4bd074cff34e8cfc5b232480d4"
      },
      "env": {
        "server": "required",
        "client": "required"
      },
      "downloads": [
        "https://cdn.modrinth.com/data/kidLKymU/versions/rwiShgsc/YungsBetterStrongholds-1.20-Forge-4.0.3.jar"
      ],
      "fileSize": 473564
    },
    {
      "path": "mods/ImmediatelyFast-Forge-1.5.0+1.20.4.jar",
      "hashes": {
        "sha1": "653fb9d1ce673b9987b18dfc0a9db4b9cb48d1de",
        "sha512": "ec94ad253be05774b9fb8b67587929fb953c3fb4cbd835180eb2797ebab2bc71656f2c5644321107e862bee16985d50bbb833909a6ac07ff06cb842c0bde8d83"
      },
      "env": {
        "client": "required",
        "server": "required"
      },
      "downloads": [
        "https://cdn.modrinth.com/data/5ZwdcRci/versions/xNaL38Bs/ImmediatelyFast-Forge-1.5.0%2B1.20.4.jar"
      ],
      "fileSize": 428350
    },
    {
      "path": "mods/sound-physics-remastered-forge-1.20.1-1.4.13.jar",
      "hashes": {
        "sha512": "3840428a7b9e065e380b5fc59a134e7c9aa3b46c0c491724534274eb709a1927be5ab6473a8a38f60bdb16e128174a1bae432e81e86a622b7d2b75e4aa961998",
        "sha1": "d662aa77d89d48ce254421d064476d0f15c3f11f"
      },
      "env": {
        "client": "required",
        "server": "required"
      },
      "downloads": [
        "https://cdn.modrinth.com/data/qyVF9oeo/versions/fqgMU03D/sound-physics-remastered-forge-1.20.1-1.4.13.jar"
      ],
      "fileSize": 204480
    },
    {
      "path": "resourcepacks/FreshAnimations_v1.9.2.zip",
      "hashes": {
        "sha512": "97a387112a5a94b0e7f4d0d2439977a9f28579303ad883ed3d0fcc3277357f8b3ab2418960f698d1a5f435903e0b2f82716fc92f8500cac090f900b2d2135dcf",
        "sha1": "ff18e6a762b87d7e8bad0726ac7d9c153306c6d2"
      },
      "env": {
        "server": "required",
        "client": "required"
      },
      "downloads": [
        "https://cdn.modrinth.com/data/50dA9Sha/versions/8vtPih5h/FreshAnimations_v1.9.2.zip"
      ],
      "fileSize": 516256
    },
    {
      "path": "mods/YungsBetterDungeons-1.20-Forge-4.0.4.jar",
      "hashes": {
        "sha1": "67a9e1c2ff126ab54cea8e0709d178915243039e",
        "sha512": "56bd11a7aca3bacb908381a668af8f5b574c5557c21370ace783d637c949802187110a4f5dc26afae4d9af74cdf64cee81d59fac3513a9bec3f921193fc938b8"
      },
      "env": {
        "client": "required",
        "server": "required"
      },
      "downloads": [
        "https://cdn.modrinth.com/data/o1C1Dkj5/versions/kPiQ6v4q/YungsBetterDungeons-1.20-Forge-4.0.4.jar"
      ],
      "fileSize": 792381
    },
    {
      "path": "mods/MysticalAgriculture-1.20.1-7.0.19.jar",
      "hashes": {
        "sha512": "faae13de0ecfa4d7e50d52d68f025897d49e2d0723c9a0146a11a8c1e607d02218d18a16e397271c35454858cb0a48a12029ff31c86eebe8ce4fd6d1b56dcf79",
        "sha1": "4ed4e934c14253668a79bb0d8723dfcdd2aacfb1"
      },
      "env": {
        "server": "required",
        "client": "required"
      },
      "downloads": [
        "https://cdn.modrinth.com/data/C95ReXie/versions/vLM5xvcv/MysticalAgriculture-1.20.1-7.0.19.jar"
      ],
      "fileSize": 2367952
    },
    {
      "path": "mods/YungsBetterEndIsland-1.20-Forge-2.0.6.jar",
      "hashes": {
        "sha512": "a51b76fc41d19276bea2ebe081b153d3be53c502ef9de93593990f8b7bf644e3e4fd4cff17477abce16692f23aff3077be1762606f10ca1058771741ad652e2e",
        "sha1": "4e7bf109981593061b8100bc8bf23e1c9bbcbb76"
      },
      "env": {
        "client": "required",
        "server": "required"
      },
      "downloads": [
        "https://cdn.modrinth.com/data/2BwBOmBQ/versions/Izqhg3Va/YungsBetterEndIsland-1.20-Forge-2.0.6.jar"
      ],
      "fileSize": 387111
    },
    {
      "path": "mods/create-1.20.1-6.0.4.jar",
      "hashes": {
        "sha512": "9dc60349a07d3367977fc935a65053db63cdfab4fc244db06e97a62e9c9d1154c1b8b66d4083f5a4c4a1403716a06c3251cd8d0ddfccb5e9de7177c8c2c45d25",
        "sha1": "1b57eab3600805d705bb64933bc0cb7836b41886"
      },
      "env": {
        "server": "required",
        "client": "required"
      },
      "downloads": [
        "https://cdn.modrinth.com/data/LNytGWDc/versions/xoKzmnen/create-1.20.1-6.0.4.jar"
      ],
      "fileSize": 18463134
    },
    {
      "path": "mods/entity_texture_features_forge_1.20.1-6.2.9.jar",
      "hashes": {
        "sha512": "0d8576c785c689aa39c29f8dbee46b28c308a01a87eaa01a1d405c617b7a30be5ba1e62faeb5f212e44d50ae5a230e48815ac572adaba0c6d3a9e2df47183023",
        "sha1": "55c8a7db3b4ddd28485c4d2bab7381a756b771c6"
      },
      "env": {
        "client": "required",
        "server": "required"
      },
      "downloads": [
        "https://cdn.modrinth.com/data/BVzZfTc1/versions/rGt1IuJq/entity_texture_features_forge_1.20.1-6.2.9.jar"
      ],
      "fileSize": 676887
    },
    {
      "path": "mods/YungsBetterDesertTemples-1.20-Forge-3.0.3.jar",
      "hashes": {
        "sha1": "31b386b2dbaa4933e0a10ccdfb25f56da16931a6",
        "sha512": "30ce20533c9a2cc11608120dd7d5fb0f9b48e11873eb1a653d2d88022d351f2c25b316b63df0dbc693de598e0f1c768a36865e0759dbab23e2f2e36a3918470a"
      },
      "env": {
        "server": "required",
        "client": "required"
      },
      "downloads": [
        "https://cdn.modrinth.com/data/XNlO7sBv/versions/lRK2ZA9U/YungsBetterDesertTemples-1.20-Forge-3.0.3.jar"
      ],
      "fileSize": 918012
    },
    {
      "path": "mods/VisualWorkbench-v8.0.0-1.20.1-Forge.jar",
      "hashes": {
        "sha512": "fcfb713b7ce6b876243f294ffa154a203c6b9eced3c6dd978923413af9e737c0c220872b1a127d03c316da8b12e4bbae18a5ecf5f84ab57a2fb8548b41d8f0dc",
        "sha1": "7ebf579edcf2440eadf1ed6c8c895e1bc2d77bf1"
      },
      "env": {
        "client": "required",
        "server": "required"
      },
      "downloads": [
        "https://cdn.modrinth.com/data/kfqD1JRw/versions/c22Z4rsv/VisualWorkbench-v8.0.0-1.20.1-Forge.jar"
      ],
      "fileSize": 82055
    },
    {
      "path": "mods/easyelytratakeoff-1.20.1-4.5.jar",
      "hashes": {
        "sha1": "644c0938d450a15f94982602c857a989ee1c8363",
        "sha512": "21490ad2524bfd094fa21ebc14c12e943a77bb90fa384ded24a83ecd40c0c579d85635b1e45a27bb38ab450279268cdb09f77d6325203f38e580775e5e5bbe28"
      },
      "env": {
        "client": "required",
        "server": "required"
      },
      "downloads": [
        "https://cdn.modrinth.com/data/3hqwGCUB/versions/JBhBlmby/easyelytratakeoff-1.20.1-4.5.jar"
      ],
      "fileSize": 29913
    },
    {
      "path": "mods/sophisticatedcore-1.20.1-1.2.63.993.jar",
      "hashes": {
        "sha512": "f6c1f6d23549e95c369d091c6d3666db76237d1e52a2745c76fbeac14b2b1c85c2d899b31a896ca8d771e07777f76d5f5bd3cbfd120e28cb05ba256a188e9149",
        "sha1": "7cf593930ec63579c6b16cdc1849673d22e5ff0a"
      },
      "env": {
        "server": "required",
        "client": "required"
      },
      "downloads": [
        "https://cdn.modrinth.com/data/nmoqTijg/versions/Y9kiFW1k/sophisticatedcore-1.20.1-1.2.63.993.jar"
      ],
      "fileSize": 1325454
    },
    {
      "path": "mods/sophisticatedstoragecreateintegration-1.20.1-0.1.10.30.jar",
      "hashes": {
        "sha1": "21c12b7056ec17fb7c3d24ba8f1a271f8518da41",
        "sha512": "cf36a510246f82fc962093d88a82fccf2667dfd016f8e318a4f08832cbdaa3f7c055f0ff017860f2e9ea68d5f52ae640c194550588eabfa7e2f3325a1064f603"
      },
      "env": {
        "server": "required",
        "client": "required"
      },
      "downloads": [
        "https://cdn.modrinth.com/data/MJ0hdevs/versions/Zm1yUsDG/sophisticatedstoragecreateintegration-1.20.1-0.1.10.30.jar"
      ],
      "fileSize": 118641
    },
    {
      "path": "mods/Zeta-1.0-30.jar",
      "hashes": {
        "sha512": "c74dc0e007de81a5a4cbcaca0b4699e3a5cbc2fd62f92f5ce66841dbf4b0a9145c6ab79f7c131f72d1406949543fc429f3dc208b0eb0f8f84c12929d3b8d0adf",
        "sha1": "1e87aae038570b8f5864bcdd6ae6dabb30162f2d"
      },
      "env": {
        "server": "required",
        "client": "required"
      },
      "downloads": [
        "https://cdn.modrinth.com/data/MVARlG2f/versions/boj4QtcB/Zeta-1.0-30.jar"
      ],
      "fileSize": 1006574
    },
    {
      "path": "mods/EasyAnvils-v8.0.2-1.20.1-Forge.jar",
      "hashes": {
        "sha512": "2b4715538b2e78bd86fbd05ebd07b7da2c7fa00d6e9653f6fcfad7f1fc59edb495f54164a8e2a48ed97b1722388b11729221775d798c8de9e92fb73e07f01e14",
        "sha1": "d44a8b549b27713a92d59148729bf374ff3e25f0"
      },
      "env": {
        "client": "required",
        "server": "required"
      },
      "downloads": [
        "https://cdn.modrinth.com/data/OZBR5JT5/versions/4pRdDqEb/EasyAnvils-v8.0.2-1.20.1-Forge.jar"
      ],
      "fileSize": 141744
    },
    {
      "path": "mods/waterframes-FORGE-mc1.20.1-v2.1.14.jar",
      "hashes": {
        "sha512": "10e82cef6fd254744f41ba92fee673e9a774cdb6503447a55a7bebffbbdd30f45bdbc9aca4fce3421e073f10e0686db7b8d5643805950c95b4241a52eef4a510",
        "sha1": "61a47fdd76e8c0dbe374b4462809f7530e452f86"
      },
      "env": {
        "client": "required",
        "server": "required"
      },
      "downloads": [
        "https://cdn.modrinth.com/data/eBzFuVTM/versions/F6KTRQET/waterframes-FORGE-mc1.20.1-v2.1.14.jar"
      ],
      "fileSize": 242444
    },
    {
      "path": "mods/supermartijn642configlib-1.1.8-forge-mc1.20.jar",
      "hashes": {
        "sha512": "476595aacc7c66a0cf7bcd56143975122ea54ae4c5b61a232d3b0b9b1e3c013575efcc05de31a5d2c4e129542bfd8ae255a25d1486a4e08961cc4a303940fd19",
        "sha1": "f80f9eed728966adcfbcc848633e789645057281"
      },
      "env": {
        "client": "required",
        "server": "required"
      },
      "downloads": [
        "https://cdn.modrinth.com/data/LN9BxssP/versions/ZKor79dR/supermartijn642configlib-1.1.8-forge-mc1.20.jar"
      ],
      "fileSize": 206584
    },
    {
      "path": "mods/SereneSeasons-forge-1.20.1-9.1.0.2.jar",
      "hashes": {
        "sha512": "c6f07460e984bebde700560f0e9a699935e9bd3201d51521b275178b83a92500975915072a09c50e5ab5987366a0de3aec36883d6bfdf06583934cd24fb7766c",
        "sha1": "2ac42b7f005085c38e454887e6406eccf2ffa5bb"
      },
      "env": {
        "client": "required",
        "server": "required"
      },
      "downloads": [
        "https://cdn.modrinth.com/data/e0bNACJD/versions/YXTfAkOf/SereneSeasons-forge-1.20.1-9.1.0.2.jar"
      ],
      "fileSize": 160888
    },
    {
      "path": "mods/origins-classes-forge-1.2.1.jar",
      "hashes": {
        "sha512": "1588f53b340560445428599d230999b9e2bf39fa3f3dba97cfd586cb0ed933f488cb6a19a0da9ce4aa92c4e6fc42786f51c44048cc27e4855ead00a685bee031",
        "sha1": "63e099d2faf0785e667b17b1d9db7a4648805ed3"
      },
      "env": {
        "client": "required",
        "server": "required"
      },
      "downloads": [
        "https://cdn.modrinth.com/data/HTjxjxqK/versions/To1odLIP/origins-classes-forge-1.2.1.jar"
      ],
      "fileSize": 190573
    },
    {
      "path": "mods/AmbientSounds_FORGE_v6.1.10_mc1.20.1.jar",
      "hashes": {
        "sha1": "e7ef689927dc79299548b4350783e40aa038c7f7",
        "sha512": "c6aad2f1b4dc997794ee28c97e7f30a77a13043566266098f5f095cdde410aca0ce2ac6ca65dbfe34ca042a8735160a90391864d44b9158ba2bfa711c593623d"
      },
      "env": {
        "client": "required",
        "server": "required"
      },
      "downloads": [
        "https://cdn.modrinth.com/data/fM515JnW/versions/xGUL054M/AmbientSounds_FORGE_v6.1.10_mc1.20.1.jar"
      ],
      "fileSize": 83885821
    },
    {
      "path": "mods/interiors-0.5.6+forge-mc1.20.1-local.jar",
      "hashes": {
        "sha1": "5f46c829dc012138faa1191d97ef79c7569b53a1",
        "sha512": "1c84e2a566cc03fc88fc27a55dcbac7a85f91781c73a8993c9761ac94b13eef93b04a89ffecb75d94a07e367ee09e78d2f8dc1e99a06163fc60cddef708d91a7"
      },
      "env": {
        "server": "required",
        "client": "required"
      },
      "downloads": [
        "https://cdn.modrinth.com/data/r4Knci2k/versions/sFv3NBS4/interiors-0.5.6%2Bforge-mc1.20.1-local.jar"
      ],
      "fileSize": 465540
    },
    {
      "path": "mods/geckolib-forge-1.20.1-4.7.1.2.jar",
      "hashes": {
        "sha1": "6235e9406a9715df15210779e1ed19a419a540bb",
        "sha512": "fb41b2cd47b46bf84d101e4d1ba78f04151b85a4767f32bc84c9629312ed41ce558cd5660ff50f435839a23c4bea04db6710d3e9f804843ab52090bce1cf7fbb"
      },
      "env": {
        "server": "required",
        "client": "required"
      },
      "downloads": [
        "https://cdn.modrinth.com/data/8BmcQJ2H/versions/e72SjmmI/geckolib-forge-1.20.1-4.7.1.2.jar"
      ],
      "fileSize": 1012500
    },
    {
      "path": "mods/YungsBridges-1.20-Forge-4.0.3.jar",
      "hashes": {
        "sha512": "2705fbaeb62115c5604719d68756f723a974ea9a62a4194771ebbea877ee715de72cefe3b01ec0d318d4d6fe2e9de87e6a7122ef21ee54d48153e84cb7bae0c6",
        "sha1": "88467fe87b95e6cf7a432822033cf74dd8586254"
      },
      "env": {
        "client": "required",
        "server": "required"
      },
      "downloads": [
        "https://cdn.modrinth.com/data/Ht4BfYp6/versions/KgO1gfM2/YungsBridges-1.20-Forge-4.0.3.jar"
      ],
      "fileSize": 136236
    },
    {
      "path": "mods/gravestone-forge-1.20.1-1.0.24.jar",
      "hashes": {
        "sha1": "d8f0ab99064ac8c4cf8c613e5f6588b65e4b33f8",
        "sha512": "6459b1be3428dd8df64ef22251ad9cb853aec8d7cd03755c065c7a00e1cbca3a2464d483125daa3e5035f3fca2938dd9ec47d7b06139171e2bf65b1f48850245"
      },
      "env": {
        "server": "required",
        "client": "required"
      },
      "downloads": [
        "https://cdn.modrinth.com/data/RYtXKJPr/versions/YuF7RHRe/gravestone-forge-1.20.1-1.0.24.jar"
      ],
      "fileSize": 316049
    },
    {
      "path": "mods/resourcefullib-forge-1.20.1-2.1.29.jar",
      "hashes": {
        "sha512": "8dbe951d431545a7d18081a8b11a52a248e6d8ff9862ae6462b0f5a6f57ff523af12704c3adb071ae99a7c5c1dd895bd7875dea59f9c4956c1597a668b6e8820",
        "sha1": "6fc590a7c56a720fec57e290cbb0a106efbb3ffa"
      },
      "env": {
        "client": "required",
        "server": "required"
      },
      "downloads": [
        "https://cdn.modrinth.com/data/G1hIVOrD/versions/OhsHaCcW/resourcefullib-forge-1.20.1-2.1.29.jar"
      ],
      "fileSize": 432753
    },
    {
      "path": "mods/easy-villagers-forge-1.20.1-1.1.27.jar",
      "hashes": {
        "sha1": "0419d003261f3420b0c9c0647c9ec36786e588bc",
        "sha512": "726147383be22c21da82f8c780bb422f572e133cc6a688953668135ba1804b70d253106ea07cb6ab60964ce146742577ca0ab172ca39869a90146257df45c147"
      },
      "env": {
        "client": "required",
        "server": "required"
      },
      "downloads": [
        "https://cdn.modrinth.com/data/Kaov2qgi/versions/8VKoFg6e/easy-villagers-forge-1.20.1-1.1.27.jar"
      ],
      "fileSize": 413361
    },
    {
      "path": "mods/customizableelytra-forge-2.1.2+1.20.jar",
      "hashes": {
        "sha512": "5d463790de720ef222c3005e4bba72acbad35c11034375072a5199da7aec3311146d9271ca3029a0dbcae54ebc7ccb12e5be95d10549dbf6e8bc01b855f4c3ae",
        "sha1": "6e1eef652c3b0b5dc814f830ce02f447715031cf"
      },
      "env": {
        "client": "required",
        "server": "required"
      },
      "downloads": [
        "https://cdn.modrinth.com/data/L25fOeGq/versions/s3I43o8I/customizableelytra-forge-2.1.2%2B1.20.jar"
      ],
      "fileSize": 282454
    },
    {
      "path": "mods/Pehkui-3.8.2+1.20.1-forge.jar",
      "hashes": {
        "sha1": "4bc816efdd8e5e2a97423313674401351710e403",
        "sha512": "e4660f0b5af6bfe2902ab39a6fbfa911856e0567bffc47842b482731da373afa4424b9e7cf47c61a0c2107445520475053709a6671d9eb4b7f4b55597729af3f"
      },
      "env": {
        "client": "required",
        "server": "required"
      },
      "downloads": [
        "https://cdn.modrinth.com/data/t5W7Jfwy/versions/SQpqSgAE/Pehkui-3.8.2%2B1.20.1-forge.jar"
      ],
      "fileSize": 671605
    },
    {
      "path": "mods/BlockRunner-v8.0.4-1.20.1-Forge.jar",
      "hashes": {
        "sha512": "d13dbe6d30092800f47006dc90754f2fd09422158b3d95f634325a1e82cb00c7898fde65d7bbdd6d95a6d004272227821b5bfb58be8c64af781d6b562e7ac48b",
        "sha1": "71fc6fe4b99dc495528edbb0be12b126eab64b6f"
      },
      "env": {
        "client": "required",
        "server": "required"
      },
      "downloads": [
        "https://cdn.modrinth.com/data/1VSGxqkt/versions/JCUr7it5/BlockRunner-v8.0.4-1.20.1-Forge.jar"
      ],
      "fileSize": 76565
    },
    {
      "path": "mods/DiagonalWalls-v8.0.4-1.20.1-Forge.jar",
      "hashes": {
        "sha512": "ca0bbb39aeca6ab2bc93a4efd40ae71b3b680af25f4acbd6029384ffe64304aecf2c5722194de3616e1a963fdd8cec135282503f43c679b0e30d1a709e9ac578",
        "sha1": "cada35009f4f268d1685be9ce888b610b1ae607d"
      },
      "env": {
        "client": "required",
        "server": "required"
      },
      "downloads": [
        "https://cdn.modrinth.com/data/FQgc8dib/versions/ISQPtPH5/DiagonalWalls-v8.0.4-1.20.1-Forge.jar"
      ],
      "fileSize": 173567
    },
    {
      "path": "mods/guideme-20.1.7.jar",
      "hashes": {
        "sha1": "fc039093c479b3632b1ab60ea503e79b76b686f9",
        "sha512": "8e12ede30db086a3d30236783848f53fb984d413727cdb364bac487be8818d5c4a3696d4446db5d1dd83be62f347ceac6bcd7af9ccb27e09a160ea03c15e9dbb"
      },
      "env": {
        "server": "required",
        "client": "required"
      },
      "downloads": [
        "https://cdn.modrinth.com/data/Ck4E7v7R/versions/UD2nQxJx/guideme-20.1.7.jar"
      ],
      "fileSize": 9401162
    },
    {
      "path": "mods/YungsCaveBiomes-1.20.1-Forge-2.0.4.jar",
      "hashes": {
        "sha512": "0b17ef358bb25080bf45035da1148ee0d490fd665ebb9e8b004b1db28cb8d37494a88282577aae57bf7e5e7dcd05aa09dbcd955b118dba91af4ee409a3fab1ef",
        "sha1": "e32eaf24d64212738f95132c866668371b103dd2"
      },
      "env": {
        "server": "required",
        "client": "required"
      },
      "downloads": [
        "https://cdn.modrinth.com/data/cs7iGVq1/versions/MZHSolSK/YungsCaveBiomes-1.20.1-Forge-2.0.4.jar"
      ],
      "fileSize": 13015382
    },
    {
      "path": "mods/embeddium-0.3.31+mc1.20.1.jar",
      "hashes": {
        "sha1": "bb2fa8f3e493af16af9160d049f96c614a1faf2f",
        "sha512": "ffbf2da4685260a4d5c14c621708bd20722563f084f042d3dfb0a7b87f048e39299648c854a93939129da0d23a15a91ec628560d601e76074b08e275f6e132e9"
      },
      "env": {
        "client": "required",
        "server": "required"
      },
      "downloads": [
        "https://cdn.modrinth.com/data/sk9rgfiA/versions/UTbfe5d1/embeddium-0.3.31%2Bmc1.20.1.jar"
      ],
      "fileSize": 1320675
    },
    {
      "path": "mods/tectonic-forge-1.20.1-2.4.1.jar",
      "hashes": {
        "sha1": "55412e1b8ef36cd8eabef83d47f9377e78904f65",
        "sha512": "64fc99b8df17999117f3f9ef460dcac9acddc70c418d236e7a7b1d489a10ac737eaedc15c01540f0bf9e2bf51aee04f16bfb741c680370ac69f6f2ca2af24afc"
      },
      "env": {
        "server": "required",
        "client": "required"
      },
      "downloads": [
        "https://cdn.modrinth.com/data/lWDHr9jE/versions/ubqOXeYf/tectonic-forge-1.20.1-2.4.1.jar"
      ],
      "fileSize": 349125
    },
    {
      "path": "mods/sophisticatedstorageinmotion-1.20.1-0.10.17.100.jar",
      "hashes": {
        "sha512": "d9db8c5d2df17f39fe803c89066718bb14d216e0443211a99863b28318d3c484f4e8c70a2ae3794649b3a2777945f8bb49c2bc0296cd652142a0c93f996e8bba",
        "sha1": "2d9bcb5f00b0a78bed9063f922d6909c60ba10fb"
      },
      "env": {
        "server": "required",
        "client": "required"
      },
      "downloads": [
        "https://cdn.modrinth.com/data/6vtFbyaJ/versions/Guw99kSG/sophisticatedstorageinmotion-1.20.1-0.10.17.100.jar"
      ],
      "fileSize": 387688
    },
    {
      "path": "mods/TPA++ - 1.6.0-1.20.x-UNTESTED-BETA-3.jar",
      "hashes": {
        "sha512": "302ac8b6cad0abc8fcfb5bd89445762521bb47d425206ccb941dfd9514d048a3229de9f34b1c476b301ff011a70905ec77033f5b8d5f63646cc65d62322753bd",
        "sha1": "84350761abd0eef60f7c812e9327b05e3af3f087"
      },
      "env": {
        "server": "required",
        "client": "required"
      },
      "downloads": [
        "https://cdn.modrinth.com/data/QuPbmyCQ/versions/mRuNJ4RO/TPA%2B%2B%20-%201.6.0-1.20.x-UNTESTED-BETA-3.jar"
      ],
      "fileSize": 271000
    },
    {
      "path": "mods/kotlinforforge-4.11.0-all.jar",
      "hashes": {
        "sha512": "d72707078f0c4fde78981c638ca976722f22a64ce74bdb489258790fe9886d763a7b1e0dfbc5429ddd3105d8a65d177f06242dfb1457e219e56c70dd3e8cbf2c",
        "sha1": "1fd8acfd75a2be2dc3cdcc7e816482b2e427d6e5"
      },
      "env": {
        "client": "required",
        "server": "required"
      },
      "downloads": [
        "https://cdn.modrinth.com/data/ordsPcFz/versions/hmeyC41q/kotlinforforge-4.11.0-all.jar"
      ],
      "fileSize": 7193768
    },
    {
      "path": "mods/MouseTweaks-forge-mc1.20.1-2.25.1.jar",
      "hashes": {
        "sha512": "a3bb0272c0a1a3be9250dfee030bb8f86217fa6a32bd534be8c940fdd8c466c800c2df85874877983ced36ecfc28c8ced6c0d42107c1ab621385b4be9a7c65eb",
        "sha1": "d751153e722a4e014691c83f39f5b07c6ec5333c"
      },
      "env": {
        "client": "required",
        "server": "required"
      },
      "downloads": [
        "https://cdn.modrinth.com/data/aC3cM3Vq/versions/7JVXOe3K/MouseTweaks-forge-mc1.20.1-2.25.1.jar"
      ],
      "fileSize": 76237
    },
    {
      "path": "mods/YungsBetterNetherFortresses-1.20-Forge-2.0.6.jar",
      "hashes": {
        "sha512": "bceefeaf84dffd7386a61118d6b1c6c2107e17e7a8f4340eff2c1f0234dba0e6d8f43903521d5a70334362ab6e4069788e5b29cf42d8ee9cd4f2a98feb64112b",
        "sha1": "889cd16a93764d1d6af2e2dda5bbc286a2683e7a"
      },
      "env": {
        "client": "required",
        "server": "required"
      },
      "downloads": [
        "https://cdn.modrinth.com/data/Z2mXHnxP/versions/2nUEz0zq/YungsBetterNetherFortresses-1.20-Forge-2.0.6.jar"
      ],
      "fileSize": 619255
    },
    {
      "path": "mods/sophisticatedbackpacks-1.20.1-3.23.17.1246.jar",
      "hashes": {
        "sha512": "b90c2e2fedcd162505733c75181c6329c3285ba3548afdae20132c6cbf5682ad1461164790cc4323ae46af761e8498c2645e05c8fa496745a71405e80cd886bc",
        "sha1": "1e18d516f50a69532bbaf7392bb8ef89721fd826"
      },
      "env": {
        "client": "required",
        "server": "required"
      },
      "downloads": [
        "https://cdn.modrinth.com/data/TyCTlI4b/versions/JYzfnKD6/sophisticatedbackpacks-1.20.1-3.23.17.1246.jar"
      ],
      "fileSize": 924351
    },
    {
      "path": "mods/entity_model_features_forge_1.20.1-2.4.1.jar",
      "hashes": {
        "sha512": "f6160617baabb494226d09687aed23e0cdc6de42122d1c6b038ef733990cabc2aff62b6b1e91eb42236e9e0b952dcf1cdc42c323d823f41a0e5c285f831dce65",
        "sha1": "2ed40fd0bf3266e67036e5b3857da84c24b045e1"
      },
      "env": {
        "server": "required",
        "client": "required"
      },
      "downloads": [
        "https://cdn.modrinth.com/data/4I1XuqiY/versions/p39UPPar/entity_model_features_forge_1.20.1-2.4.1.jar"
      ],
      "fileSize": 445642
    },
    {
      "path": "mods/origins-plus-plus-2.3.1-forge.jar",
      "hashes": {
        "sha512": "a7789d2148048a8a98b67f51832b3055da207c08c3b9cba30da455863ae792b68cc2060948db787fb78b751b2cbb2c69d6fb273359b01f1c5cc77611fd325681",
        "sha1": "c8e00592a2f145721ecacb5b6f1eb602062c2a07"
      },
      "env": {
        "server": "required",
        "client": "required"
      },
      "downloads": [
        "https://cdn.modrinth.com/data/npBe7UbS/versions/xOC4nG1c/origins-plus-plus-2.3.1-forge.jar"
      ],
      "fileSize": 1490448
    },
    {
      "path": "mods/continuity-3.0.0+1.20.1.forge.jar",
      "hashes": {
        "sha1": "816c1bb15c3686f67143dabced87bd4811cc43d2",
        "sha512": "eef634cde3307893e6f0c4c1d2e9a6e3eb706ee1b9ee86403d18c65762f7158e774665e503486477788b0ca320f543d03d5667a94f82ae2cd99f15a32e953b3a"
      },
      "env": {
        "server": "required",
        "client": "required"
      },
      "downloads": [
        "https://cdn.modrinth.com/data/1IjD5062/versions/9KbAcWSO/continuity-3.0.0%2B1.20.1.forge.jar"
      ],
      "fileSize": 1016666
    },
    {
      "path": "mods/Cucumber-1.20.1-7.0.13.jar",
      "hashes": {
        "sha1": "e2987306d878745a1ea926bdee07f8d320bfa848",
        "sha512": "613ac197d59f9fb133d683ec9c86f0aa5a15305f8a872d01764abfd9a402c487cb26158688bfea30cfd75bc7dd9e218c2d0ee0dff66e551758d770e9a5b1492f"
      },
      "env": {
        "server": "required",
        "client": "required"
      },
      "downloads": [
        "https://cdn.modrinth.com/data/Rw1NrDzF/versions/TLlsXNj6/Cucumber-1.20.1-7.0.13.jar"
      ],
      "fileSize": 269589
    },
    {
      "path": "shaderpacks/ComplementaryUnbound_r5.5.1.zip",
      "hashes": {
        "sha512": "a79d536ad610741d3ac25faeb4f32a7fff6d25b89529b5a4919d72b9f9f817a15680a734e5ccb50efd77737ff215089adb93d7a3c02b439c25b9dab988e41c36",
        "sha1": "52fdb332e6de592cceb8f85f2dc756eb78afab01"
      },
      "env": {
        "server": "required",
        "client": "required"
      },
      "downloads": [
        "https://cdn.modrinth.com/data/R6NEzAwj/versions/1ng9gVp7/ComplementaryUnbound_r5.5.1.zip"
      ],
      "fileSize": 456332
    },
    {
      "path": "mods/skinlayers3d-forge-1.7.5-mc1.20.1.jar",
      "hashes": {
        "sha1": "b3c7025f1330efb98165609b16fe0eb1f3ba3aa6",
        "sha512": "f722ff23be6f66e5bc813b1fd6f85149e0333618ec7bad0a52fbb4d5038ea3c58d47735d9ea53547de327b4feae077e4a32b4ffca25090c5eedc78ef3080f65b"
      },
      "env": {
        "server": "required",
        "client": "required"
      },
      "downloads": [
        "https://cdn.modrinth.com/data/zV5r3pPn/versions/93jYE7eX/skinlayers3d-forge-1.7.5-mc1.20.1.jar"
      ],
      "fileSize": 485970
    },
    {
      "path": "mods/resourcefulconfig-forge-1.20.1-2.1.3.jar",
      "hashes": {
        "sha1": "597d40920dcc935f963842c817dcc4901862ab14",
        "sha512": "2e05fe27529d00d7808a83dbe0c475a0fb96a20ebfd5c9767f4cc8dcd9a865e20a18de41fb9ed710e5cd2e0211c30303b43c1f22702af1d50ee7212ad83a54d3"
      },
      "env": {
        "client": "required",
        "server": "required"
      },
      "downloads": [
        "https://cdn.modrinth.com/data/M1953qlQ/versions/DERs8u7v/resourcefulconfig-forge-1.20.1-2.1.3.jar"
      ],
      "fileSize": 136923
    },
    {
      "path": "mods/carryon-forge-1.20.1-2.1.2.7.jar",
      "hashes": {
        "sha512": "4f75afb703dd71c322d4e2e27d28d7ab4afeb0c242bcee6d1eb5fef59ee4347352f1ca55f1826743957d2e95a951ed13884356485b0a979b14010915079e2c29",
        "sha1": "9999714ca3dd2f2401f0396ca44f3b27c3784c4f"
      },
      "env": {
        "client": "required",
        "server": "required"
      },
      "downloads": [
        "https://cdn.modrinth.com/data/joEfVgkn/versions/edGQD16r/carryon-forge-1.20.1-2.1.2.7.jar"
      ],
      "fileSize": 439457
    },
    {
      "path": "mods/lootr-forge-1.20-0.7.35.90.jar",
      "hashes": {
        "sha1": "919a1e75d8fac3081743c9dcbe6679a28c867ec9",
        "sha512": "57830390a8d3fb59b0950aa0a422d31e3d18eeff09a77175548876d322e2f395a69a2720d988f256cfdebde26ec54f1cf1e1c35b6b3ae3aea42855906b816421"
      },
      "env": {
        "server": "required",
        "client": "required"
      },
      "downloads": [
        "https://cdn.modrinth.com/data/EltpO5cN/versions/uZTpIy1Z/lootr-forge-1.20-0.7.35.90.jar"
      ],
      "fileSize": 457647
    },
    {
      "path": "mods/Connector-1.0.0-beta.46+1.20.1.jar",
      "hashes": {
        "sha1": "a4ad6605706bebca9470a5affe6f44abaef5d507",
        "sha512": "7d98bd11e72dc95fb30e84d2be9175f2687201451d0e21421074bd225fcbcac8b4bcc1cd1b2dbd5f03e798569cac2f3bcc87c1baba1b1ad002268c578b20a533"
      },
      "env": {
        "client": "required",
        "server": "required"
      },
      "downloads": [
        "https://cdn.modrinth.com/data/u58R1TMW/versions/e8hSZ4vp/Connector-1.0.0-beta.46%2B1.20.1.jar"
      ],
      "fileSize": 5043375
    },
    {
      "path": "mods/collective-1.20.1-8.3.jar",
      "hashes": {
        "sha1": "ec387c40637a330661d9f4c3e59d93efc17046a2",
        "sha512": "11263db68965bd7d727284ecfd84047d0085c647af1aa8903896946515742ae5ced21cf3b46497dcf5e35ff1f0db646dad2bc330b9c3997cf75b304d34e4f745"
      },
      "env": {
        "server": "required",
        "client": "required"
      },
      "downloads": [
        "https://cdn.modrinth.com/data/e0M1UDsY/versions/P0uRrvF9/collective-1.20.1-8.3.jar"
      ],
      "fileSize": 657310
    },
    {
      "path": "mods/justenoughbreeding-forge-1.20-1.20.1-1.5.0.jar",
      "hashes": {
        "sha512": "b495ae85a83f2a7b03fa90b5bcdbffe1104507dc484b00e005b1f3d5910726ec3cabc73e8145956513dd691c3c84187caef16c8ec6be56fc8d31095a5b203b8e",
        "sha1": "9521743b4635610f16ff5a0db9f46acee816969e"
      },
      "env": {
        "server": "required",
        "client": "required"
      },
      "downloads": [
        "https://cdn.modrinth.com/data/9Pk89J3g/versions/TGUwLPfr/justenoughbreeding-forge-1.20-1.20.1-1.5.0.jar"
      ],
      "fileSize": 139072
    },
    {
      "path": "shaderpacks/Solas Shader V2.8b.zip",
      "hashes": {
        "sha1": "e3ae8b34c052438e9820de0adc28767ad79b0ef3",
        "sha512": "34acb44b914f93c6d605e489b707bee0eea77300ecf8b4874289159172e67023bd511ef6ab65b1471c68c826b0f99e7b8d070a2c8e2f7d761dc78f02eac5543b"
      },
      "env": {
        "client": "required",
        "server": "required"
      },
      "downloads": [
        "https://cdn.modrinth.com/data/EpQFjzrQ/versions/rHOqM05S/Solas%20Shader%20V2.8b.zip"
      ],
      "fileSize": 1387699
    },
    {
      "path": "mods/EasyMagic-v8.0.1-1.20.1-Forge.jar",
      "hashes": {
        "sha512": "ac4bc9cbca15e4b07361a84d90357e53edb0d9e336f16138b0644545061299c51c9b4af1554fac0e5f891021035b0bcd9e4b57c39ee9188324b6bca9d63cd90f",
        "sha1": "9bfb5d63ac2e03ecdab8755c968ffa25b799469b"
      },
      "env": {
        "server": "required",
        "client": "required"
      },
      "downloads": [
        "https://cdn.modrinth.com/data/9hx3AbJM/versions/W2xPEG9I/EasyMagic-v8.0.1-1.20.1-Forge.jar"
      ],
      "fileSize": 115947
    },
    {
      "path": "mods/capes-1.5.2+1.20-fabric.jar",
      "hashes": {
        "sha512": "e8e0b46e6a7da55e83a3883497e29666941cf865c6166b319d56ba574a5124d864353be257c05468f3626813c28544c69fb8015fb24acc41a7ef9356b83714eb",
        "sha1": "5444e301346383f6133189e66069e970d4a126fc"
      },
      "env": {
        "server": "required",
        "client": "required"
      },
      "downloads": [
        "https://cdn.modrinth.com/data/89Wsn8GD/versions/z2zOEvPP/capes-1.5.2%2B1.20-fabric.jar"
      ],
      "fileSize": 170082
    },
    {
      "path": "mods/Quark-4.0-462.jar",
      "hashes": {
        "sha1": "9b0fb82995622a0070c00827c698c43b49d9d14b",
        "sha512": "585b182ccd51066e841141c9bc74fe8b820df86119828b7542b56771c3fcaf8bcc92f9d67f4e87736e82a45bb9166f71c015b95e230f964215290707b6475eed"
      },
      "env": {
        "client": "required",
        "server": "required"
      },
      "downloads": [
        "https://cdn.modrinth.com/data/qnQsVE2z/versions/DijQLauD/Quark-4.0-462.jar"
      ],
      "fileSize": 14935230
    },
    {
      "path": "mods/sliceanddice-forge-3.4.0.jar",
      "hashes": {
        "sha1": "705208db673f97abf5d82ab2849a69fdd7c0dc7a",
        "sha512": "8662a020749bea86612c89447b8b3f374dcfe1814df09de352325fde19af19bd9c50fb2bd1c09a8949596e0ab18b712b229d10b6156b97350ff0c8ff47e64bae"
      },
      "env": {
        "server": "required",
        "client": "required"
      },
      "downloads": [
        "https://cdn.modrinth.com/data/GmjmRQ0A/versions/ShhARsOF/sliceanddice-forge-3.4.0.jar"
      ],
      "fileSize": 1032971
    },
    {
      "path": "mods/fabric-language-kotlin-1.13.3+kotlin.2.1.21.jar",
      "hashes": {
        "sha1": "848dd463bc9d75de4c519dff30cfc0666ead10d6",
        "sha512": "805eb96067560fa8acc8fcc7dbfba4ad8eed1a2bc9b46566e184f122533fdff844288f3df635762e1af927a4efe8989e9f11007a24bcdc73a32fc2dbebd720c3"
      },
      "env": {
        "server": "required",
        "client": "required"
      },
      "downloads": [
        "https://cdn.modrinth.com/data/Ha28R6CL/versions/iqWDz8qt/fabric-language-kotlin-1.13.3%2Bkotlin.2.1.21.jar"
      ],
      "fileSize": 7163558
    },
    {
      "path": "mods/createoreexcavation-1.20-1.6.3.jar",
      "hashes": {
        "sha512": "a039ce6b98afb29dd51a4b90174e276414b96223acb989e7f3b6f442f4ccac2daa8e2f6f2c81470130bd114939b1d45cf24c0364a3a8952a4d1c551bd9bd73e0",
        "sha1": "16bdf28e86d8e291f8b6c099feac169389b44caa"
      },
      "env": {
        "client": "required",
        "server": "required"
      },
      "downloads": [
        "https://cdn.modrinth.com/data/ResbpANg/versions/CNLjZPEs/createoreexcavation-1.20-1.6.3.jar"
      ],
      "fileSize": 431960
    },
    {
      "path": "mods/create_central_kitchen-1.20.1-for-create-6.0.4-1.4.1.jar",
      "hashes": {
        "sha1": "f094ebdd210242b082772226c98e402adb0c8fab",
        "sha512": "761782e56babc42886f1548dc62035766daf522382ac634ba15de8158ea921605766480ce5a52b25c82825790998b9a2ab3d7fca2aa76c384e0a0f68f60e8654"
      },
      "env": {
        "client": "required",
        "server": "required"
      },
      "downloads": [
        "https://cdn.modrinth.com/data/btq68HMO/versions/TDatHO4i/create_central_kitchen-1.20.1-for-create-6.0.4-1.4.1.jar"
      ],
      "fileSize": 790450
    },
    {
      "path": "mods/notenoughanimations-forge-1.9.3-mc1.20.1.jar",
      "hashes": {
        "sha1": "68e3ab1b89d39a48362a4741a50c73e7ebb2fe7a",
        "sha512": "9e6d501d6409c991d6d80474e76267ad7b8dfe91b5a8c2e7f8302726f4cf44a66e4ba4b6ff99b60f96f8cfc8cbe5e656a26dbc709aaa1cc8c9f7ae70f62491a4"
      },
      "env": {
        "client": "required",
        "server": "required"
      },
      "downloads": [
        "https://cdn.modrinth.com/data/MPCX6s5C/versions/a2Q3t34g/notenoughanimations-forge-1.9.3-mc1.20.1.jar"
      ],
      "fileSize": 453719
    },
    {
      "path": "mods/appleskin-forge-mc1.20.1-2.5.1.jar",
      "hashes": {
        "sha512": "3176f928fb6c60d27f5edb610ca4ab0236175404eebf32797a1ec6cdd794bb294a260231579578536d03571377e43c6181adc75d8dd2c0733f17fce4f7e636b9",
        "sha1": "81919356f84eab14258db98924b66c3c38e372b1"
      },
      "env": {
        "client": "required",
        "server": "required"
      },
      "downloads": [
        "https://cdn.modrinth.com/data/EsAfCjCV/versions/XdXDExVF/appleskin-forge-mc1.20.1-2.5.1.jar"
      ],
      "fileSize": 47428
    },
    {
      "path": "resourcepacks/-1.21.2 Fresh Moves v3.1 (With Animated Eyes).zip",
      "hashes": {
        "sha1": "7049cc12935ff4be20173c908ad946f530861a4c",
        "sha512": "40daf2d7bbccd19d38637adc2d14df1e16685aacd6c00af22d686b547d8df675246170137b7372139d34dcb9ad4c3f8606222bc771a85a335242c760254c99b3"
      },
      "env": {
        "client": "required",
        "server": "required"
      },
      "downloads": [
        "https://cdn.modrinth.com/data/slufHzC2/versions/4uyHvhnf/-1.21.2%20Fresh%20Moves%20v3.1%20%28With%20Animated%20Eyes%29.zip"
      ],
      "fileSize": 321871
    },
    {
      "path": "mods/PuzzlesLib-v8.1.32-1.20.1-Forge.jar",
      "hashes": {
        "sha1": "1f24a25582fa6bb2569e32401a232ee90d34cc1a",
        "sha512": "f6420b4884583727ee66d7410ce5ad3ce2a5fd9aed49700ea4bba1fd944a4b63d2d3f15a3d0d64afa2ec1aa261f8ef52b6277712c7d19e6dd31ff9d9360f05ae"
      },
      "env": {
        "server": "required",
        "client": "required"
      },
      "downloads": [
        "https://cdn.modrinth.com/data/QAGBst4M/versions/YFZdsqXl/PuzzlesLib-v8.1.32-1.20.1-Forge.jar"
      ],
      "fileSize": 1342204
    },
    {
      "path": "mods/curios-forge-5.14.1+1.20.1.jar",
      "hashes": {
        "sha512": "1373f95fd111c977db2f6adcef8e4eb486a2d926a3e17374692dee4ac3d65857de6446c16922b531aa5ace2c23c666a7fcc28c720b2917c1e04808d15648ba87",
        "sha1": "452175b95ad3db6ff58bb8968f6bf7a9d1e0f480"
      },
      "env": {
        "server": "required",
        "client": "required"
      },
      "downloads": [
        "https://cdn.modrinth.com/data/vvuO3ImH/versions/IPQlZkz1/curios-forge-5.14.1%2B1.20.1.jar"
      ],
      "fileSize": 398066
    },
    {
      "path": "mods/StorageDrawers-1.20.1-12.9.14.jar",
      "hashes": {
        "sha512": "1527b3f5b03a2e4277ad01b231d6890095d2043cc2ba202c47527fd02634c7577e995f7c8bd012f4300581977755958927ed6a1fcef6d2db8a6efaaad74dc8ec",
        "sha1": "d42027b75690a27f0e915fea0988d40571eeec11"
      },
      "env": {
        "client": "required",
        "server": "required"
      },
      "downloads": [
        "https://cdn.modrinth.com/data/guitPqEi/versions/yt3QLYcE/StorageDrawers-1.20.1-12.9.14.jar"
      ],
      "fileSize": 950686
    },
    {
      "path": "mods/create_power_loader-2.0.3-mc1.20.1.jar",
      "hashes": {
        "sha512": "cce4eeb6a7dc942f24f0a7b4182c1b92898b3cc998a876d910148a498d0a39ac8a37fb7d9b66ee81dadd422b9fe42ff57c7f5f9aa05dcdde80b64c04cfb9d55d",
        "sha1": "6b638fb67730d8429ec64fb43e20ad651f2e49b6"
      },
      "env": {
        "client": "required",
        "server": "required"
      },
      "downloads": [
        "https://cdn.modrinth.com/data/wPQ6GgFE/versions/gQuz8jcV/create_power_loader-2.0.3-mc1.20.1.jar"
      ],
      "fileSize": 227962
    }
  ],
  "dependencies": {
    "minecraft": "1.20.1",
    "forge": "47.4.0"
  }
}